Year,Date,Month,AQI
2021,01,Jan,106.0
2021,02,Jan,92.0
2021,03,Jan,92.0
2021,04,Jan,92.0
2021,05,Jan,92.0
2021,06,Jan,92.0
2021,07,Jan,92.0
2021,08,Jan,67.0
2021,09,Jan,86.0
2021,10,Jan,76.0
2021,11,Jan,79.0
2021,12,Jan,90.0
2021,13,Jan,90.0
2021,14,Jan,82.0
2021,15,Jan,91.0
2021,16,Jan,85.0
2021,17,Jan,90.0
2021,18,Jan,92.0
2021,19,Jan,88.0
2021,20,Jan,107.0
2021,21,Jan,98.0
2021,22,Jan,95.0
2021,23,Jan,122.0
2021,24,Jan,119.0
2021,25,Jan,92.0
2021,26,Jan,94.0
2021,27,Jan,85.0
2021,28,Jan,102.0
2021,29,Jan,92.0
2021,30,Jan,92.0
2021,31,Jan,91.0
2021,01,Feb,88
2021,02,Feb,88
2021,03,Feb,88
2021,04,Feb,88
2021,05,Feb,88
2021,06,Feb,88
2021,07,Feb,88
2021,08,Feb,88
2021,09,Feb,88
2021,10,Feb,88
2021,11,Feb,115.0
2021,12,Feb,96.0
2021,13,Feb,97.0
2021,14,Feb,88
2021,15,Feb,91.0
2021,16,Feb,109.0
2021,17,Feb,81.0
2021,18,Feb,78.0
2021,19,Feb,68.0
2021,20,Feb,68.0
2021,21,Feb,77.0
2021,22,Feb,88.0
2021,23,Feb,92.0
2021,24,Feb,87.0
2021,25,Feb,95.0
2021,26,Feb,88.0
2021,27,Feb,81.0
2021,28,Feb,85.0
2021,29,Feb,88
2021,30,Feb,88
2021,31,Feb,88
2021,01,Mar,88.0
2021,02,Mar,93.0
2021,03,Mar,102.0
2021,04,Mar,95
2021,05,Mar,95
2021,06,Mar,95
2021,07,Mar,95
2021,08,Mar,96.0
2021,09,Mar,99.0
2021,10,Mar,100.0
2021,11,Mar,89.0
2021,12,Mar,111.0
2021,13,Mar,91.0
2021,14,Mar,87.0
2021,15,Mar,93.0
2021,16,Mar,98.0
2021,17,Mar,101.0
2021,18,Mar,104.0
2021,19,Mar,95.0
2021,20,Mar,83.0
2021,21,Mar,69.0
2021,22,Mar,68.0
2021,23,Mar,95
2021,24,Mar,118.0
2021,25,Mar,78.0
2021,26,Mar,89.0
2021,27,Mar,79.0
2021,28,Mar,127.0
2021,29,Mar,137.0
2021,30,Mar,81.0
2021,31,Mar,95
2021,01,Apr,98.0
2021,02,Apr,92.0
2021,03,Apr,99.0
2021,04,Apr,91.0
2021,05,Apr,83.0
2021,06,Apr,91.0
2021,07,Apr,98.0
2021,08,Apr,94.0
2021,09,Apr,86.0
2021,10,Apr,98.0
2021,11,Apr,87.0
2021,12,Apr,90
2021,13,Apr,90
2021,14,Apr,86.0
2021,15,Apr,79.0
2021,16,Apr,90
2021,17,Apr,90
2021,18,Apr,88.0
2021,19,Apr,88.0
2021,20,Apr,88.0
2021,21,Apr,88.0
2021,22,Apr,88.0
2021,23,Apr,88.0
2021,24,Apr,88.0
2021,25,Apr,83.0
2021,26,Apr,98.0
2021,27,Apr,98.0
2021,28,Apr,83.0
2021,29,Apr,89.0
2021,30,Apr,90
2021,31,Apr,90
2021,01,May,69
2021,02,May,69
2021,03,May,69
2021,04,May,69
2021,05,May,82.0
2021,06,May,80.0
2021,07,May,78.0
2021,08,May,85.0
2021,09,May,84.0
2021,10,May,66.0
2021,11,May,70.0
2021,12,May,64.0
2021,13,May,69
2021,14,May,69
2021,15,May,69
2021,16,May,69
2021,17,May,55.0
2021,18,May,56.0
2021,19,May,63.0
2021,20,May,69
2021,21,May,74.0
2021,22,May,79.0
2021,23,May,56.0
2021,24,May,76.0
2021,25,May,69
2021,26,May,58.0
2021,27,May,59.0
2021,28,May,57.0
2021,29,May,69
2021,30,May,69
2021,31,May,69
2021,01,Jun,69
2021,02,Jun,69
2021,03,Jun,69
2021,04,Jun,69
2021,05,Jun,69
2021,06,Jun,69
2021,07,Jun,69
2021,08,Jun,69
2021,09,Jun,74.0
2021,10,Jun,66.0
2021,11,Jun,62.0
2021,12,Jun,54.0
2021,13,Jun,69
2021,14,Jun,69
2021,15,Jun,61.0
2021,16,Jun,56.0
2021,17,Jun,55.0
2021,18,Jun,59.0
2021,19,Jun,70.0
2021,20,Jun,60.0
2021,21,Jun,69
2021,22,Jun,137.0
2021,23,Jun,69
2021,24,Jun,69
2021,25,Jun,69
2021,26,Jun,69
2021,27,Jun,69
2021,28,Jun,69
2021,29,Jun,89.0
2021,30,Jun,59.0
2021,31,Jun,69
2021,01,Jul,57
2021,02,Jul,57
2021,03,Jul,57
2021,04,Jul,57
2021,05,Jul,57
2021,06,Jul,57
2021,07,Jul,57
2021,08,Jul,62.0
2021,09,Jul,57
2021,10,Jul,57
2021,11,Jul,57
2021,12,Jul,54.0
2021,13,Jul,55.0
2021,14,Jul,58.0
2021,15,Jul,60.0
2021,16,Jul,61.0
2021,17,Jul,51.0
2021,18,Jul,50.0
2021,19,Jul,62.0
2021,20,Jul,57
2021,21,Jul,53.0
2021,22,Jul,57.0
2021,23,Jul,57
2021,24,Jul,57
2021,25,Jul,57
2021,26,Jul,57
2021,27,Jul,57
2021,28,Jul,57
2021,29,Jul,57
2021,30,Jul,57
2021,31,Jul,57
2021,01,Aug,64
2021,02,Aug,46.0
2021,03,Aug,53.0
2021,04,Aug,52.0
2021,05,Aug,52.0
2021,06,Aug,73.0
2021,07,Aug,71.0
2021,08,Aug,69.0
2021,09,Aug,68.0
2021,10,Aug,77.0
2021,11,Aug,67.0
2021,12,Aug,69.0
2021,13,Aug,64
2021,14,Aug,64
2021,15,Aug,64
2021,16,Aug,64
2021,17,Aug,59.0
2021,18,Aug,59.0
2021,19,Aug,63.0
2021,20,Aug,59.0
2021,21,Aug,63.0
2021,22,Aug,58.0
2021,23,Aug,56.0
2021,24,Aug,66.0
2021,25,Aug,78.0
2021,26,Aug,79.0
2021,27,Aug,69.0
2021,28,Aug,64
2021,29,Aug,64
2021,30,Aug,65.0
2021,31,Aug,62.0
2021,01,Sep,61.0
2021,02,Sep,60.0
2021,03,Sep,63.0
2021,04,Sep,87
2021,05,Sep,87
2021,06,Sep,87
2021,07,Sep,87
2021,08,Sep,87
2021,09,Sep,57.0
2021,10,Sep,56.0
2021,11,Sep,61.0
2021,12,Sep,60.0
2021,13,Sep,373.0
2021,14,Sep,353.0
2021,15,Sep,65.0
2021,16,Sep,72.0
2021,17,Sep,67.0
2021,18,Sep,59.0
2021,19,Sep,65.0
2021,20,Sep,87
2021,21,Sep,62.0
2021,22,Sep,61.0
2021,23,Sep,60.0
2021,24,Sep,58.0
2021,25,Sep,57.0
2021,26,Sep,62.0
2021,27,Sep,59.0
2021,28,Sep,56.0
2021,29,Sep,47.0
2021,30,Sep,87
2021,31,Sep,87
2021,01,Oct,80
2021,02,Oct,80
2021,03,Oct,80
2021,04,Oct,80
2021,05,Oct,80
2021,06,Oct,80
2021,07,Oct,80
2021,08,Oct,80
2021,09,Oct,80
2021,10,Oct,80
2021,11,Oct,80
2021,12,Oct,80
2021,13,Oct,80
2021,14,Oct,80
2021,15,Oct,80
2021,16,Oct,80
2021,17,Oct,80
2021,18,Oct,80
2021,19,Oct,80
2021,20,Oct,80
2021,21,Oct,84.0
2021,22,Oct,84.0
2021,23,Oct,88.0
2021,24,Oct,82.0
2021,25,Oct,70.0
2021,26,Oct,79.0
2021,27,Oct,79.0
2021,28,Oct,80
2021,29,Oct,72.0
2021,30,Oct,80
2021,31,Oct,80
2021,01,Nov,84
2021,02,Nov,84
2021,03,Nov,103.0
2021,04,Nov,134.0
2021,05,Nov,141.0
2021,06,Nov,122.0
2021,07,Nov,119.0
2021,08,Nov,100.0
2021,09,Nov,88.0
2021,10,Nov,93.0
2021,11,Nov,91.0
2021,12,Nov,92.0
2021,13,Nov,78.0
2021,14,Nov,73.0
2021,15,Nov,59.0
2021,16,Nov,75.0
2021,17,Nov,74.0
2021,18,Nov,52.0
2021,19,Nov,57.0
2021,20,Nov,64.0
2021,21,Nov,44.0
2021,22,Nov,44.0
2021,23,Nov,62.0
2021,24,Nov,69.0
2021,25,Nov,88.0
2021,26,Nov,82.0
2021,27,Nov,82.0
2021,28,Nov,88.0
2021,29,Nov,89.0
2021,30,Nov,98.0
2021,31,Nov,84
2021,01,Dec,77.0
2021,02,Dec,72.0
2021,03,Dec,88.0
2021,04,Dec,77.0
2021,05,Dec,92.0
2021,06,Dec,92.0
2021,07,Dec,98.0
2021,08,Dec,106
2021,09,Dec,105.0
2021,10,Dec,93.0
2021,11,Dec,89.0
2021,12,Dec,90.0
2021,13,Dec,97.0
2021,14,Dec,116.0
2021,15,Dec,117.0
2021,16,Dec,106
2021,17,Dec,106
2021,18,Dec,122.0
2021,19,Dec,119.0
2021,20,Dec,119.0
2021,21,Dec,117.0
2021,22,Dec,128.0
2021,23,Dec,147.0
2021,24,Dec,146.0
2021,25,Dec,128.0
2021,26,Dec,121.0
2021,27,Dec,123.0
2021,28,Dec,106
2021,29,Dec,106
2021,30,Dec,106
2021,31,Dec,78.0
2022,01,Jan,113.0
2022,02,Jan,113.0
2022,03,Jan,113.0
2022,04,Jan,90.0
2022,05,Jan,109.0
2022,06,Jan,114.0
2022,07,Jan,114.0
2022,08,Jan,113.0
2022,09,Jan,113.0
2022,10,Jan,113.0
2022,11,Jan,113.0
2022,12,Jan,113.0
2022,13,Jan,97.0
2022,14,Jan,99.0
2022,15,Jan,93.0
2022,16,Jan,96.0
2022,17,Jan,100.0
2022,18,Jan,107.0
2022,19,Jan,99.0
2022,20,Jan,103.0
2022,21,Jan,99.0
2022,22,Jan,97.0
2022,23,Jan,142.0
2022,24,Jan,258.0
2022,25,Jan,154.0
2022,26,Jan,119.0
2022,27,Jan,98.0
2022,28,Jan,95.0
2022,29,Jan,100.0
2022,30,Jan,104.0
2022,31,Jan,112.0
2022,01,Feb,112.0
2022,02,Feb,106.0
2022,03,Feb,141.0
2022,04,Feb,112.0
2022,05,Feb,123.0
2022,06,Feb,116.0
2022,07,Feb,120.0
2022,08,Feb,110.0
2022,09,Feb,107.0
2022,10,Feb,94.0
2022,11,Feb,93.0
2022,12,Feb,108
2022,13,Feb,102.0
2022,14,Feb,103.0
2022,15,Feb,100.0
2022,16,Feb,98.0
2022,17,Feb,93.0
2022,18,Feb,98.0
2022,19,Feb,108.0
2022,20,Feb,103.0
2022,21,Feb,108
2022,22,Feb,108.0
2022,23,Feb,108.0
2022,24,Feb,122.0
2022,25,Feb,102.0
2022,26,Feb,104.0
2022,27,Feb,130.0
2022,28,Feb,103.0
2022,29,Feb,108
2022,30,Feb,108
2022,31,Feb,108
2022,01,Mar,104.0
2022,02,Mar,95
2022,03,Mar,95
2022,04,Mar,105.0
2022,05,Mar,100.0
2022,06,Mar,98.0
2022,07,Mar,102.0
2022,08,Mar,95
2022,09,Mar,95
2022,10,Mar,95
2022,11,Mar,95
2022,12,Mar,95
2022,13,Mar,95
2022,14,Mar,95
2022,15,Mar,95
2022,16,Mar,95
2022,17,Mar,95
2022,18,Mar,95
2022,19,Mar,95
2022,20,Mar,95
2022,21,Mar,95
2022,22,Mar,95
2022,23,Mar,95
2022,24,Mar,90.0
2022,25,Mar,88.0
2022,26,Mar,77.0
2022,27,Mar,79.0
2022,28,Mar,95
2022,29,Mar,95
2022,30,Mar,95
2022,31,Mar,104.0
2022,01,Apr,108.0
2022,02,Apr,117.0
2022,03,Apr,111.0
2022,04,Apr,109
2022,05,Apr,101.0
2022,06,Apr,114.0
2022,07,Apr,104.0
2022,08,Apr,110.0
2022,09,Apr,113.0
2022,10,Apr,104.0
2022,11,Apr,106.0
2022,12,Apr,111.0
2022,13,Apr,122.0
2022,14,Apr,125.0
2022,15,Apr,107.0
2022,16,Apr,109
2022,17,Apr,106.0
2022,18,Apr,108.0
2022,19,Apr,106.0
2022,20,Apr,102.0
2022,21,Apr,105.0
2022,22,Apr,117.0
2022,23,Apr,105.0
2022,24,Apr,106.0
2022,25,Apr,111.0
2022,26,Apr,105.0
2022,27,Apr,103.0
2022,28,Apr,105.0
2022,29,Apr,108.0
2022,30,Apr,102.0
2022,31,Apr,109
2022,01,May,107.0
2022,02,May,102.0
2022,03,May,110
2022,04,May,110
2022,05,May,107.0
2022,06,May,109.0
2022,07,May,111.0
2022,08,May,109.0
2022,09,May,112.0
2022,10,May,114.0
2022,11,May,110
2022,12,May,108.0
2022,13,May,103.0
2022,14,May,105.0
2022,15,May,103.0
2022,16,May,99.0
2022,17,May,89.0
2022,18,May,110
2022,19,May,154.0
2022,20,May,125.0
2022,21,May,110
2022,22,May,110
2022,23,May,110
2022,24,May,110
2022,25,May,110
2022,26,May,110
2022,27,May,110
2022,28,May,110
2022,29,May,110
2022,30,May,110
2022,31,May,110
2022,01,Jun,88.0
2022,02,Jun,93.0
2022,03,Jun,84.0
2022,04,Jun,91.0
2022,05,Jun,87
2022,06,Jun,87
2022,07,Jun,145.0
2022,08,Jun,173.0
2022,09,Jun,88.0
2022,10,Jun,87
2022,11,Jun,58.0
2022,12,Jun,38.0
2022,13,Jun,73.0
2022,14,Jun,52.0
2022,15,Jun,43.0
2022,16,Jun,87
2022,17,Jun,90.0
2022,18,Jun,94.0
2022,19,Jun,91.0
2022,20,Jun,83.0
2022,21,Jun,86.0
2022,22,Jun,95.0
2022,23,Jun,87
2022,24,Jun,87
2022,25,Jun,87
2022,26,Jun,87
2022,27,Jun,87
2022,28,Jun,87
2022,29,Jun,87
2022,30,Jun,87
2022,31,Jun,87
2022,01,Jul,54
2022,02,Jul,54
2022,03,Jul,54
2022,04,Jul,54
2022,05,Jul,54
2022,06,Jul,54
2022,07,Jul,54
2022,08,Jul,54
2022,09,Jul,54
2022,10,Jul,54
2022,11,Jul,54
2022,12,Jul,54
2022,13,Jul,54
2022,14,Jul,54
2022,15,Jul,54
2022,16,Jul,54
2022,17,Jul,35.0
2022,18,Jul,95.0
2022,19,Jul,40.0
2022,20,Jul,40.0
2022,21,Jul,64.0
2022,22,Jul,53.0
2022,23,Jul,70.0
2022,24,Jul,65.0
2022,25,Jul,59.0
2022,26,Jul,35.0
2022,27,Jul,50.0
2022,28,Jul,50.0
2022,29,Jul,50.0
2022,30,Jul,50.0
2022,31,Jul,50.0
2022,01,Aug,50.0
2022,02,Aug,50.0
2022,03,Aug,50.0
2022,04,Aug,50.0
2022,05,Aug,50.0
2022,06,Aug,51.0
2022,07,Aug,50.0
2022,08,Aug,50.0
2022,09,Aug,50.0
2022,10,Aug,50.0
2022,11,Aug,50.0
2022,12,Aug,50.0
2022,13,Aug,50.0
2022,14,Aug,50.0
2022,15,Aug,50.0
2022,16,Aug,49.0
2022,17,Aug,49.0
2022,18,Aug,51.0
2022,19,Aug,67
2022,20,Aug,67
2022,21,Aug,81.0
2022,22,Aug,88.0
2022,23,Aug,104.0
2022,24,Aug,90.0
2022,25,Aug,90.0
2022,26,Aug,95.0
2022,27,Aug,94.0
2022,28,Aug,98.0
2022,29,Aug,104.0
2022,30,Aug,93.0
2022,31,Aug,96.0
2022,01,Sep,93.0
2022,02,Sep,81.0
2022,03,Sep,83.0
2022,04,Sep,86.0
2022,05,Sep,84.0
2022,06,Sep,84.0
2022,07,Sep,91.0
2022,08,Sep,88.0
2022,09,Sep,86.0
2022,10,Sep,85.0
2022,11,Sep,87.0
2022,12,Sep,85.0
2022,13,Sep,88
2022,14,Sep,80.0
2022,15,Sep,88
2022,16,Sep,78.0
2022,17,Sep,86.0
2022,18,Sep,86.0
2022,19,Sep,85.0
2022,20,Sep,92.0
2022,21,Sep,91.0
2022,22,Sep,91.0
2022,23,Sep,93.0
2022,24,Sep,96.0
2022,25,Sep,97.0
2022,26,Sep,97.0
2022,27,Sep,88.0
2022,28,Sep,91.0
2022,29,Sep,88.0
2022,30,Sep,92.0
2022,31,Sep,88
2022,01,Oct,93.0
2022,02,Oct,95.0
2022,03,Oct,90.0
2022,04,Oct,89.0
2022,05,Oct,88.0
2022,06,Oct,87.0
2022,07,Oct,81.0
2022,08,Oct,82.0
2022,09,Oct,84.0
2022,10,Oct,83.0
2022,11,Oct,80.0
2022,12,Oct,84.0
2022,13,Oct,84.0
2022,14,Oct,79.0
2022,15,Oct,110
2022,16,Oct,137.0
2022,17,Oct,66.0
2022,18,Oct,82.0
2022,19,Oct,122.0
2022,20,Oct,104.0
2022,21,Oct,110
2022,22,Oct,110
2022,23,Oct,161.0
2022,24,Oct,136.0
2022,25,Oct,253.0
2022,26,Oct,203.0
2022,27,Oct,110
2022,28,Oct,148.0
2022,29,Oct,124.0
2022,30,Oct,115.0
2022,31,Oct,108.0
2022,01,Nov,117.0
2022,02,Nov,107.0
2022,03,Nov,128.0
2022,04,Nov,112.0
2022,05,Nov,146.0
2022,06,Nov,136.0
2022,07,Nov,141.0
2022,08,Nov,171.0
2022,09,Nov,132.0
2022,10,Nov,116.0
2022,11,Nov,117.0
2022,12,Nov,114.0
2022,13,Nov,142.0
2022,14,Nov,136.0
2022,15,Nov,153.0
2022,16,Nov,115.0
2022,17,Nov,123.0
2022,18,Nov,87.0
2022,19,Nov,91.0
2022,20,Nov,111.0
2022,21,Nov,131.0
2022,22,Nov,123.0
2022,23,Nov,102.0
2022,24,Nov,106.0
2022,25,Nov,117
2022,26,Nov,76.0
2022,27,Nov,67.0
2022,28,Nov,97.0
2022,29,Nov,66.0
2022,30,Nov,124.0
2022,31,Nov,117
2022,01,Dec,131.0
2022,02,Dec,114
2022,03,Dec,114
2022,04,Dec,130.0
2022,05,Dec,120.0
2022,06,Dec,114
2022,07,Dec,190.0
2022,08,Dec,110.0
2022,09,Dec,108.0
2022,10,Dec,110.0
2022,11,Dec,106.0
2022,12,Dec,91.0
2022,13,Dec,68.0
2022,14,Dec,51.0
2022,15,Dec,80.0
2022,16,Dec,94.0
2022,17,Dec,78.0
2022,18,Dec,71.0
2022,19,Dec,70.0
2022,20,Dec,99.0
2022,21,Dec,135.0
2022,22,Dec,155.0
2022,23,Dec,143.0
2022,24,Dec,168.0
2022,25,Dec,124.0
2022,26,Dec,149.0
2022,27,Dec,120.0
2022,28,Dec,114
2022,29,Dec,114
2022,30,Dec,143.0
2022,31,Dec,131.0
2023,1,Jan,406.0
2023,2,Jan,368.0
2023,3,Jan,335.0
2023,4,Jan,320.0
2023,5,Jan,331.0
2023,6,Jan,329.0
2023,7,Jan,345.0
2023,8,Jan,338.0
2023,9,Jan,391.0
2023,10,Jan,322.0
2023,11,Jan,365.0
2023,12,Jan,373.0
2023,13,Jan,354.0
2023,14,Jan,352.0
2023,15,Jan,280.0
2023,16,Jan,280.0
2023,17,Jan,315.0
2023,18,Jan,320.0
2023,19,Jan,357.0
2023,20,Jan,362.0
2023,21,Jan,371.0
2023,22,Jan,361.0
2023,23,Jan,323.0
2023,24,Jan,323.0
2023,25,Jan,316.0
2023,26,Jan,319.0
2023,27,Jan,156.0
2023,28,Jan,209.0
2023,29,Jan,227.0
2023,30,Jan,305.0
2023,31,Jan,236.0
2023,1,Feb,108
2023,2,Feb,141
2023,3,Feb,202
2023,4,Feb,145
2023,5,Feb,140
2023,6,Feb,145
2023,7,Feb,167
2023,8,Feb,179
2023,9,Feb,161
2023,10,Feb,NA 
2023,11,Feb,224
2023,12,Feb,162
2023,13,Feb,118
2023,14,Feb,142
2023,15,Feb,157
2023,16,Feb,255
2023,17,Feb,274
2023,18,Feb,303
2023,19,Feb,222
2023,20,Feb,222
2023,21,Feb,211
2023,22,Feb,180
2023,23,Feb,161
2023,24,Feb,184
2023,25,Feb,171
2023,26,Feb,202
2023,27,Feb,166
2023,28,Feb,190
2023,29,Feb,183
2023,30,Feb,183
2023,31,Feb,183
2023,1,Mar,189
2023,2,Mar,212
2023,3,Mar,154
2023,4,Mar,156
2023,5,Mar,136
2023,6,Mar,129
2023,7,Mar,168
2023,8,Mar,111
2023,9,Mar,108
2023,10,Mar,83
2023,11,Mar,NA 
2023,12,Mar,135
2023,13,Mar,152
2023,14,Mar,158
2023,15,Mar,173
2023,16,Mar,115
2023,17,Mar,121
2023,18,Mar,162
2023,19,Mar,125
2023,20,Mar,72
2023,21,Mar,98
2023,22,Mar,74
2023,23,Mar,129
2023,24,Mar,131
2023,25,Mar,154
2023,26,Mar,158
2023,27,Mar,NA 
2023,28,Mar,204
2023,29,Mar,162
2023,30,Mar,158
2023,31,Mar,112
2023,1,Apr,NA 
2023,2,Apr,95
2023,3,Apr,94
2023,4,Apr,NA 
2023,5,Apr,142
2023,6,Apr,136
2023,7,Apr,80
2023,8,Apr,151
2023,9,Apr,NA 
2023,10,Apr,NA 
2023,11,Apr,NA 
2023,12,Apr,143
2023,13,Apr,133
2023,14,Apr,150
2023,15,Apr,202
2023,16,Apr,184
2023,17,Apr,151
2023,18,Apr,159
2023,19,Apr,134
2023,20,Apr,NA 
2023,21,Apr,127
2023,22,Apr,NA 
2023,23,Apr,71
2023,24,Apr,105
2023,25,Apr,NA 
2023,26,Apr,133
2023,27,Apr,127
2023,28,Apr,107
2023,29,Apr,124
2023,30,Apr,98
2023,31,Apr,129
2023,1,May,76
2023,2,May,61
2023,3,May,80
2023,4,May,102
2023,5,May,88
2023,6,May,NA 
2023,7,May,131
2023,8,May,141
2023,9,May,139
2023,10,May,128
2023,11,May,148
2023,12,May,130
2023,13,May,139
2023,14,May,142
2023,15,May,204
2023,16,May,177
2023,17,May,218
2023,18,May,NA 
2023,19,May,149
2023,20,May,171
2023,21,May,190
2023,22,May,168
2023,23,May,128
2023,24,May,98
2023,25,May,113
2023,26,May,92
2023,27,May,NA 
2023,28,May,NA 
2023,29,May,NA 
2023,30,May,124
2023,31,May,NA 
2023,1,Jun,121
2023,2,Jun,134
2023,3,Jun,NA 
2023,4,Jun,161
2023,5,Jun,128
2023,6,Jun,115
2023,7,Jun,122
2023,8,Jun,140
2023,9,Jun,141
2023,10,Jun,183
2023,11,Jun,166
2023,12,Jun,162
2023,13,Jun,210
2023,14,Jun,NA 
2023,15,Jun,NA 
2023,16,Jun,117
2023,17,Jun,114
2023,18,Jun,123
2023,19,Jun,NA 
2023,20,Jun,NA 
2023,21,Jun,99
2023,22,Jun,NA 
2023,23,Jun,NA 
2023,24,Jun,66
2023,25,Jun,103
2023,26,Jun,NA 
2023,27,Jun,NA 
2023,28,Jun,NA 
2023,29,Jun,NA 
2023,30,Jun,69
2023,31,Jun,130
2023,1,Jul,NA 
2023,2,Jul,NA 
2023,3,Jul,NA 
2023,4,Jul,NA 
2023,5,Jul,NA 
2023,6,Jul,NA 
2023,7,Jul,113
2023,8,Jul,130
2023,9,Jul,NA 
2023,10,Jul,NA 
2023,11,Jul,NA 
2023,12,Jul,NA 
2023,13,Jul,101
2023,14,Jul,40
2023,15,Jul,36
2023,16,Jul,NA 
2023,17,Jul,44
2023,18,Jul,NA 
2023,19,Jul,44
2023,20,Jul,59
2023,21,Jul,50
2023,22,Jul,35
2023,23,Jul,35
2023,24,Jul,45
2023,25,Jul,43
2023,26,Jul,49
2023,27,Jul,39
2023,28,Jul,50
2023,29,Jul,50
2023,30,Jul,62
2023,31,Jul,NA 
2023,1,Aug,NA 
2023,2,Aug,NA 
2023,3,Aug,NA 
2023,4,Aug,72
2023,5,Aug,65
2023,6,Aug,39
2023,7,Aug,NA 
2023,8,Aug,NA 
2023,9,Aug,NA 
2023,10,Aug,66
2023,11,Aug,77
2023,12,Aug,83
2023,13,Aug,66
2023,14,Aug,NA 
2023,15,Aug,54
2023,16,Aug,50
2023,17,Aug,58
2023,18,Aug,NA 
2023,19,Aug,51
2023,20,Aug,NA 
2023,21,Aug,NA 
2023,22,Aug,NA 
2023,23,Aug,NA 
2023,24,Aug,NA 
2023,25,Aug,NA 
2023,26,Aug,65
2023,27,Aug,103
2023,28,Aug,119
2023,29,Aug,103
2023,30,Aug,64
2023,31,Aug,81
2023,1,Sep,NA 
2023,2,Sep,NA 
2023,3,Sep,79
2023,4,Sep,46
2023,5,Sep,76
2023,6,Sep,46
2023,7,Sep,NA 
2023,8,Sep,NA 
2023,9,Sep,NA 
2023,10,Sep,NA 
2023,11,Sep,NA 
2023,12,Sep,44
2023,13,Sep,44
2023,14,Sep,36
2023,15,Sep,NA 
2023,16,Sep,NA 
2023,17,Sep,NA 
2023,18,Sep,NA 
2023,19,Sep,47
2023,20,Sep,NA 
2023,21,Sep,43
2023,22,Sep,NA 
2023,23,Sep,NA 
2023,24,Sep,28
2023,25,Sep,41
2023,26,Sep,77
2023,27,Sep,70
2023,28,Sep,44
2023,29,Sep,47
2023,30,Sep,NA 
2023,31,Sep,51
2023,1,Oct,81
2023,2,Oct,NA 
2023,3,Oct,NA 
2023,4,Oct,NA 
2023,5,Oct,NA 
2023,6,Oct,74
2023,7,Oct,79
2023,8,Oct,62
2023,9,Oct,NA 
2023,10,Oct,NA 
2023,11,Oct,NA 
2023,12,Oct,NA 
2023,13,Oct,NA 
2023,14,Oct,105
2023,15,Oct,106
2023,16,Oct,NA 
2023,17,Oct,NA 
2023,18,Oct,86
2023,19,Oct,71
2023,20,Oct,83
2023,21,Oct,90
2023,22,Oct,110
2023,23,Oct,NA 
2023,24,Oct,100
2023,25,Oct,81
2023,26,Oct,96
2023,27,Oct,106
2023,28,Oct,NA 
2023,29,Oct,96
2023,30,Oct,94
2023,31,Oct,100
2023,1,Nov,110
2023,2,Nov,NA 
2023,3,Nov,103
2023,4,Nov,124
2023,5,Nov,100
2023,6,Nov,116
2023,7,Nov,133
2023,8,Nov,NA 
2023,9,Nov,177
2023,10,Nov,NA 
2023,11,Nov,127
2023,12,Nov,NA 
2023,13,Nov,NA 
2023,14,Nov,NA 
2023,15,Nov,196
2023,16,Nov,145
2023,17,Nov,133
2023,18,Nov,NA 
2023,19,Nov,NA 
2023,20,Nov,NA 
2023,21,Nov,135
2023,22,Nov,NA 
2023,23,Nov,219
2023,24,Nov,NA 
2023,25,Nov,NA 
2023,26,Nov,177
2023,27,Nov,177
2023,28,Nov,192
2023,29,Nov,NA 
2023,30,Nov,150
2023,31,Nov,148
2023,1,Dec,NA 
2023,2,Dec,78
2023,3,Dec,NA 
2023,4,Dec,147
2023,5,Dec,178
2023,6,Dec,198
2023,7,Dec,71
2023,8,Dec,66
2023,9,Dec,NA 
2023,10,Dec,NA 
2023,11,Dec,NA 
2023,12,Dec,127
2023,13,Dec,NA 
2023,14,Dec,214
2023,15,Dec,NA 
2023,16,Dec,NA 
2023,17,Dec,NA 
2023,18,Dec,NA 
2023,19,Dec,77
2023,20,Dec,83
2023,21,Dec,104
2023,22,Dec,NA 
2023,23,Dec,NA 
2023,24,Dec,93
2023,25,Dec,81
2023,26,Dec,96
2023,27,Dec,124
2023,28,Dec,NA 
2023,29,Dec,NA 
2023,30,Dec,NA 
2023,31,Dec,113
